"@Meli__Melo_ Jâ€™ai fait de la photo en noir et blanc en labo, rien de mieux ;)
Heu par contre pour la braguette, non, pour un mec Ã§a passe pasâ€¦ ğŸ˜‡
Pâ€™naise par contre on voit tous les code des photos de mode de lâ€™Ã©poqueâ€¦ câ€™est peut Ãªtre ce qui manque un peu aujourdâ€™hui.",braguette
@Meli__Melo_ Oui enfin quand on prends sa photo en noir et blanc et oublie de fermer sa braguette câ€™est plus facile aussi ğŸ¤·â€â™‚ï¸,braguette
"@patricjean @Cdiscount @AdrienTaquet Les poupÃ©es prÃ©fÃ©rÃ©es de Daniel cohn bendit, malheureusement, il est obligÃ© d'ouvrir lui mÃªme sa braguette.",braguette
Ã‡a fait 30min je suis Ã  mon taff et je viens de voir que ma braguette Ã©tait grande ouverte j'ai envie dme foutre en l'aire ptn https://t.co/Ps0a266ifd,braguette
Ã‡a fait 30min je suis Ã  mon taff et je viens de voir que ma braguette Ã©tait grande ouverte j'ai envie dme foutre en l'aire ptn https://t.co/Ps0a266ifd,braguette
@vl_ambre @BleuLoiseau Tu ne vas rÃ©soudre Ã§a d'un coup de braguette magique.,braguette
Ã‡a fait 30min je suis Ã  mon taff et je viens de voir que ma braguette Ã©tait grande ouverte j'ai envie dme foutre en l'aire ptn https://t.co/Ps0a266ifd,braguette
Ã‡a fait 30min je suis Ã  mon taff et je viens de voir que ma braguette Ã©tait grande ouverte j'ai envie dme foutre en l'aire ptn https://t.co/Ps0a266ifd,braguette
Ma braguette sâ€™ouvre toute seule jppp c trop chiant ptn,braguette
Ma braguette sâ€™ouvre toute seule jppp c trop chiant ptn,braguette
"- la circoncision
- l'hemorroide
- le mal de dent
- quand la braguette mord MachetÃ©
- quand cristiano Ronaldo quitte ton club
- la calvitie
- quand Ã§a refuse de dÃ©marrer en plein match
- quand elle est courte
- le claquage
&gt;&gt;&gt;&gt;&gt;&gt;&gt;&gt;&gt;&gt;&gt;&gt;&gt;&gt;&gt; menstrues https://t.co/2cLNabwaMF",braguette
@BilgerPhilippe Et Cohn Bendit n' a pas de braguette magique?,braguette
@BilgerPhilippe Et Cohn Bendit n' a pas de braguette magique?,braguette
"@Valeurs Une belle ordure protÃ©gÃ©e par la Caste et la bien-pensance.
Un jour lui, Cohn-bendit qui adorait que des fillettes jouent avec sa braguette et les autres, paieront pour leur ignominie et leurs crimes",braguette
"- la circoncision
- l'hemorroide
- le mal de dent
- quand la braguette mord MachetÃ©
- quand cristiano Ronaldo quitte ton club
- la calvitie
- quand Ã§a refuse de dÃ©marrer en plein match
- quand elle est courte
- le claquage
&gt;&gt;&gt;&gt;&gt;&gt;&gt;&gt;&gt;&gt;&gt;&gt;&gt;&gt;&gt; menstrues https://t.co/2cLNabwaMF",braguette
"Le prÃ©sident a dit : ""la rÃ©publique je la nique"" : si certain ouvrent leur braguette, il est important d'aller vers eux. 
ğŸ‘ğŸ‘ğŸ‘ Les LREM = champion toutes catÃ©gories de la plus grosse Ã¢nerie creuse faite de mots pleins https://t.co/HdgDRFv4mf",braguette
"@bernathoustra @montebourg Je croyais que câ€™Ã©tait un accident de braguette de la chambre 2806.
Avec Strauss-Kahn, on nâ€™aurait eu ni Hollande, ni Macron.
De quoi nourrir quelques regrets ğŸ˜¬",braguette
@DeSydenham @Claaraa_Aubert C est pas Benjamin Braguette ?,braguette
"- la circoncision
- l'hemorroide
- le mal de dent
- quand la braguette mord MachetÃ©
- quand cristiano Ronaldo quitte ton club
- la calvitie
- quand Ã§a refuse de dÃ©marrer en plein match
- quand elle est courte
- le claquage
&gt;&gt;&gt;&gt;&gt;&gt;&gt;&gt;&gt;&gt;&gt;&gt;&gt;&gt;&gt; menstrues https://t.co/2cLNabwaMF",braguette
"Le prÃ©sident a dit : ""la rÃ©publique je la nique"" : si certain ouvrent leur braguette, il est important d'aller vers eux. 
ğŸ‘ğŸ‘ğŸ‘ Les LREM = champion toutes catÃ©gories de la plus grosse Ã¢nerie creuse faite de mots pleins https://t.co/HdgDRFv4mf",braguette
