L‚Äôexp√©rimentation nationale de la reconnaissance faciale en attente des √©volutions europ√©ennes https://t.co/Is6JOlI2RY via @nextinpact,faciale
‚òïÔ∏è  L‚Äôexp√©rimentation nationale de la reconnaissance faciale en attente des √©volutions europ√©ennes https://t.co/wPjHYPACN8 https://t.co/B1SlQtJorA,faciale
"@teamfrozzie Bient√¥t (5-10 ans?) on sera r√©mun√©r√© en fonction de nos actes (reconnaissance faciale). Si tu fais de bonnes actions +1, cas contraire les banquiers auront la possibilit√© de cl√¥turer ton compte, tu seras priv√© de plein de choses. Bienvenue ds le monde digital....",faciale
"Un article sur les liens entre reconnaissance faciale et phr√©nologie. Mais, pour une fois, dans celui-l√† on mentionne le cha√Ænon manquant entre ces deux pseudosciences : les travaux du statisticien eug√©niste Karl Pearson. https://t.co/Vy4LED7E3M",faciale
"@PinocchioX5 √áa d√©pend s'il y a une faciale, non ?",faciale
"@Fadewade Le mec a gauche me termine, aucune expression faciale quand il entend √ßa üò≠",faciale
L‚Äôexp√©rimentation nationale de la reconnaissance faciale en attente des √©volutions europ√©ennes https://t.co/NveraY5wty,faciale
"#adjuvant, #essaiclinique, femmes st√©riles, #vaccin tous les ans, paralysie faciale ? Les r√©ponses :
https://t.co/1Jsb7Z94Zq
#ContreFakeNews #vaccinationcovid
@SPILF_ https://t.co/XnQXp9Ozgv",faciale
L‚Äôexp√©rimentation nationale de la reconnaissance faciale en attente des √©volutions europ√©ennes https://t.co/GXsE5UDiH7,faciale
‚òïÔ∏è  L‚Äôexp√©rimentation nationale de la reconnaissance faciale en attente des √©volutions europ√©ennes https://t.co/wPjHYPACN8 https://t.co/B1SlQtJorA,faciale
‚òïÔ∏è  L‚Äôexp√©rimentation nationale de la reconnaissance faciale en attente des √©volutions europ√©ennes https://t.co/wPjHYPACN8 https://t.co/B1SlQtJorA,faciale
Reminiz ‚Äì la reconnaissance faciale au service de la TV augment√©e #Startup #Innovation https://t.co/nYovvzPKxA,faciale
"A la une de la compta : Le l√©gislateur am√©ricain cherche toujours √† interdire les logiciels de reconnaissance faciale https://t.co/2lApNtUBqp, see more https://t.co/vlpozcJDhA",faciale
"@tryingalways @DocArnica Reconnaissance de si tu as un masque ou pas, pas reconnaissance faciale √† la chinoise (quoi que la techno existe d√©j√†)

A titre tr√®s personnel je m'en fous les cin√©mas c'est comme les bars : tr√®s sympa mais je survivrai largement sans.",faciale
@vonbateman @DocArnica Introduisons la reconnaissance faciale parce qu'on en a marre de Netflix √† la maison ?,faciale
"@DocArnica Perso je dirais FFP2 syst√®me d'a√©ration mais le souci c'est que tu peux pas surveiller les gens et moi j'aurais pas envie d'aller dans une salle avec des enfants pas masqu√©s...
Pour les adultes une cam√©ra reconnaissance faciale qui voit si tu n'a pas ton masque ?",faciale
@Chauvel_N @teppa20 C'est la raison pour laquelle j'ai √©t√© aussi clair sur la pr√©caution vaccinale et la limitation aux plateaux de mon striptease faciale...,faciale
"@bzavr h√©h√© quand la nouvelle est tomb√©e, j'ai dit √† ma copine qu'il y aurait sans doute pas l'effet ""premi√®re guerre mondiale"" qui avait fait passer la mode de la pilosit√© faciale pendant 1/2 si√®cle √† cause de l'effet sur l'efficacit√© des masques et sur l'hygi√®ne des tranch√©es",faciale
"#adjuvant, #essaiclinique, femmes st√©riles, #vaccin tous les ans, paralysie faciale ? Les r√©ponses :
https://t.co/1Jsb7Z94Zq
#ContreFakeNews #vaccinationcovid
@SPILF_ https://t.co/XnQXp9Ozgv",faciale
@Hugluuu Tu rigoles parce que t‚Äôas la pilosit√© faciale d‚Äôun enfant de 14 ans üíï,faciale
"#adjuvant, #essaiclinique, femmes st√©riles, #vaccin tous les ans, paralysie faciale ? Les r√©ponses :
https://t.co/1Jsb7Z94Zq
#ContreFakeNews #vaccinationcovid
@SPILF_ https://t.co/XnQXp9Ozgv",faciale
PLUTOT CREVER DU CORONA OU D‚ÄôUNE SYPHILIS FOUDROYANTE QUE DE DEVOIR ME MONTRER SANS PILOSIT√â FACIALE https://t.co/WgmKlgFBE0,faciale
"Les m√™mes qui d√©noncent la note sociale des chinois mettent en place le flicage g√©n√©ralis√©, le fichage des opinions, r√©duisent la libert√© d'expression et de circuler, exp√©rimentent la reconnaissance faciale ...
Le barrage prioritaire en 2022, c'est contre Macron https://t.co/lknfCpblLx",faciale
Le l√©gislateur am√©ricain cherche toujours √† interdire les logiciels de reconnaissance faciale https://t.co/TLP0tmh5p5,faciale
"[rediff] Quand la reconnaissance faciale en France avance masqu√©e
https://t.co/fBJHuuQRV7 https://t.co/nEx2rRh2pN",faciale
"@EnModeMacaron Choquant d'injecter ce ""vaccin"" ARNm, aux effets toxiques connus (chocs anaphylactique, paralysie faciale, etc) √† une population avec ""comorbidit√©"". Le principe de pr√©caution demande √† ne pas exposer ces patients ag√©s √† tout traitement risqu√©, sans garantie de r√©sultat positif!",faciale
"@EnModeMacaron Choquant d'injecter ce ""vaccin"" ARNm, aux effets toxiques connus (chocs anaphylactique, paralysie faciale, etc) √† une population avec ""comorbidit√©"". Le principe de pr√©caution demande √† ne pas exposer ces patients ag√©s √† tout traitement risqu√©, sans garantie de r√©sultat positif!",faciale
Les citoyens europ√©ens s‚Äôattaquent √† la reconnaissance faciale. https://t.co/xcCuSVXd1u,faciale
"Un article sur les liens entre reconnaissance faciale et phr√©nologie. Mais, pour une fois, dans celui-l√† on mentionne le cha√Ænon manquant entre ces deux pseudosciences : les travaux du statisticien eug√©niste Karl Pearson. https://t.co/Vy4LED7E3M",faciale
"@alain_kaufmann @LieuxDeSavoir Labyrinthique et efficace sans aucune cotation visible ! On pourrait rebaptiser un algo de recommandation &amp; reconnaissance faciale du livre ""Umberto l'Eco"" !",faciale
Aux racines eug√©nistes et coloniales de la reconnaissance faciale. https://t.co/l8EEMWigX8,faciale
Le l√©gislateur am√©ricain cherche toujours √† interdire les logiciels de reconnaissance faciale https://t.co/f80GdCDLqw,faciale
"Un dossier tr√®s int√©ressant de l'#INRS sur les √©quipements de protection faciale, masques ou visi√®res https://t.co/YYMm2mogch",faciale
"La @DARPA d√©veloppe une base de donn√©es d‚Äôimages pour former l‚ÄôIA √† la reconnaissance faciale √† l‚Äôaide d‚Äôimages thermiques.

@echiva @Massis_ @Marsattaqueblog
@GICAT_FR @Agence_ID 
#IA #FacialRecognition #Defense https://t.co/mhGXBbE5q4",faciale
"@Dalloz @PJanuel Une bataille remport√©e, la guerre continue

Que soit interdite la reconnaissance faciale #IA sur toutes les captations !
notamment t√©l√©-transmises (cam√©ra pi√©tons, drones, embarqu√©es, vid√©osurveillance) &amp; qui permettraient d‚Äôidentifier chacun tt le temps #TAJ #TES
#EtatPolicier",faciale
Le l√©gislateur am√©ricain cherche toujours √† interdire les logiciels de reconnaissance faciale https://t.co/dnWzTpPKLz,faciale
"@Annette_LEXA @txipironcito @flowpom Elle n'exag√®re, c'est ce qui se passe.
Des d√©c√®s ce n'est pas la faute au vaccin, des sympt√¥mes de la vache, des paralysies et paralysie faciale, pour les autres vaccins, des enc√©phalite, des maladies auto-immunes, des √©pilepsies, des narcolepsies, d√©c√®s et j'en passe...",faciale
"4h apr√®s, puis 24h apr√®s, on note bien en effet une l√©g√®re paralysie faciale... https://t.co/RJBagGTkFh",faciale
√Ä quoi me sert d'avoir un passeport de vaccination pour aller au resto si je dois m√¢cher avec une paralysie faciale.,faciale
"Le l√©gislateur am√©ricain cherche toujours √† interdire les logiciels de reconnaissance faciale

https://t.co/RzEJ5Ln0kj",faciale
"L'√©thique de l'IA, on en vend partout. Mais quelles valeurs sont port√©es par gouvernements et producteurs de technologies ? On en parle au w√©binaire #ecnEHESS le 28 janv. √† 19h avec @annajobin (ft @PaoloCirio). Inscriptionsüëâ https://t.co/376WcVeSNX en partenariat a/@gaitelyrique",faciale
Ajd j‚Äôai ft zero effort faciale et vestimentaire c bon jsuis so√ªl√©e,faciale
"Le l√©gislateur am√©ricain cherche toujours √† interdire les logiciels de reconnaissance faciale

https://t.co/4kb4QxLthb via @Clubic",faciale
"Le l√©gislateur am√©ricain cherche toujours √† interdire les logiciels de reconnaissance faciale

https://t.co/RzEJ5Ln0kj",faciale
"@momotchiii Puis reconnaissance faciale avec alicem et revenu universel (socle citoyen) sous forme de crypto banque centrale index√©e sur la conformit√© aux normes de ¬´¬†citoyennet√©¬†¬ª ( vaccination, consommation √©nerg√©tique, discours de haine, d√©placements, historique Google....)",faciale
"Le l√©gislateur am√©ricain cherche toujours √† interdire les logiciels de reconnaissance faciale

https://t.co/RzEJ5Ln0kj",faciale
"Un article sur les liens entre reconnaissance faciale et phr√©nologie. Mais, pour une fois, dans celui-l√† on mentionne le cha√Ænon manquant entre ces deux pseudosciences : les travaux du statisticien eug√©niste Karl Pearson. https://t.co/Vy4LED7E3M",faciale
"#COVID19 #TousAntiCovid Tiens, v'la aut'choseüò†üò°ü§¨ √áa serait au cas o√π on accepterait pas la reconnaissance faciale partout avant... 1984 ‚ùìOu l'implant de cette bonne vieille puce RFID. ‚ò∫Ô∏èü§îü§£ #PasseportVaccinal Mais qu'ils sont idiots... #PLUSJAMAISLREM https://t.co/ZVFYT33Q7a",faciale
"Le l√©gislateur am√©ricain cherche toujours √† interdire les logiciels de reconnaissance faciale
https://t.co/w4kd12Uz7l",faciale
"Le l√©gislateur am√©ricain cherche toujours √† interdire les logiciels de reconnaissance faciale

https://t.co/4kb4QxLthb via @Clubic",faciale
"#COVID19 #TousAntiCovid Tiens, v'la aut'choseüò†üò°ü§¨ √áa serait au cas o√π on accepterait pas la reconnaissance faciale partout avant... 1984 ‚ùìOu l'implant de cette bonne vieille puce RFID. ‚ò∫Ô∏èü§îü§£ #PasseportVaccinal Mais qu'ils sont idiots... #PLUSJAMAISLREM https://t.co/ZVFYT33Q7a",faciale
"#COVID19 #TousAntiCovid Tiens, v'la aut'choseüò†üò°ü§¨ √áa serait au cas o√π on accepterait pas la reconnaissance faciale partout avant... 1984 ‚ùìOu l'implant de cette bonne vieille puce RFID. ‚ò∫Ô∏èü§îü§£ #PasseportVaccinal Mais qu'ils sont idiots... #PLUSJAMAISLREM https://t.co/ZVFYT33Q7a",faciale
"üì∞ Le l√©gislateur am√©ricain cherche toujours √† interdire les logiciels de reconnaissance faciale 

https://t.co/VRiGlJsMxS",faciale
"Le l√©gislateur am√©ricain cherche toujours √† interdire les logiciels de reconnaissance faciale

https://t.co/4kb4QxLthb via @Clubic",faciale
ü§ñ Le l√©gislateur am√©ricain cherche toujours √† interdire les logiciels de reconnaissance faciale https://t.co/W5QZzY4O2U,faciale
"Le l√©gislateur am√©ricain cherche toujours √† interdire les logiciels de reconnaissance faciale

https://t.co/4kb4QxLthb via @Clubic",faciale
"#USA Gros rat√© de la #ReconnaissanceFaciale, un Afro-Am√©ricain arr√™t√© √† tort

C‚Äôest la 1√®re erreur document√©e pour cette technologie controvers√©e avec laquelle plsrs entreprises prennent leur distance, tandis qu'ici ce gvt fascisant l'installe en catimini

https://t.co/XDz2POs1QS",faciale
@SavoirDuMonde Ceux qui ont une paralysie faciale ils vont mal le prendre,faciale
"La soci√©t√© japonaise #NEC vient de d√©voiler son nouveau syst√®me de #ReconnaissanceFaciale ultra perfectionn√©, capable d‚Äôidentifier rapidement et pr√©cis√©ment les individus portant un masque facial avec un taux de r√©ussite de 99,9%. #innovation #tech #IA https://t.co/ISBWVn1toe",faciale
√Ä quoi me sert d'avoir un passeport de vaccination pour aller au resto si je dois m√¢cher avec une paralysie faciale.,faciale
L'expression faciale est rarement la m√™me dans le c≈ìur,faciale
Aux racines eug√©nistes et coloniales de la reconnaissance faciale. https://t.co/l8EEMWigX8,faciale
"Un article sur les liens entre reconnaissance faciale et phr√©nologie. Mais, pour une fois, dans celui-l√† on mentionne le cha√Ænon manquant entre ces deux pseudosciences : les travaux du statisticien eug√©niste Karl Pearson. https://t.co/Vy4LED7E3M",faciale
Aux racines eug√©nistes et coloniales de la reconnaissance faciale. https://t.co/l8EEMWigX8,faciale
Aux racines eug√©nistes et coloniales de la reconnaissance faciale. https://t.co/l8EEMWigX8,faciale
"Il y a quelques jours, la reconnaissance faciale de mon portable a associ√© une photo de moi avec une photo d‚Äôune danseuse du Crazy. J‚Äô√©tais mi heureuse, mi glac√©e de ne pas avoir de personnalit√©.",faciale
Aux racines eug√©nistes et coloniales de la reconnaissance faciale. https://t.co/l8EEMWigX8,faciale
Expression faciale du #Scorpion : un visage fort et r√©sistant. https://t.co/9edAyhMme9,faciale
@waydanez je veux me prendre une faciale de sa part moi üòãüí¶‚ú®,faciale
"@C_A_Gustave @lapin47 c'est quoi les m√©thodes asiatiques. 
t'enfermer chez toi, avec un cadenas ?  
la reconnaissance faciale ? la taule ?
je pense que c'est √† ce moment l√†, que cela va partir en vrille. rassurez vous. cela n'arrivera pas.
enfin, je crois pas.
mais je peux me tromper.",faciale
"@Amine85901276 @Nikaa_Dww @Tonior1_ @Nanxss L√† tu deviens chelou mec mdr , t‚Äôes vrmnt un obs√©der du cul ahaha alors que t‚Äôas 10 piges ü§£ü§£ü§£ par contre je reconna√Æt bien ta m√®re sur la photo , elle c‚Äôest bien faites passer dessus par tout Le monde et je l‚Äôai achev√©e avec un belle faciale dans la tronche",faciale
"Un article sur les liens entre reconnaissance faciale et phr√©nologie. Mais, pour une fois, dans celui-l√† on mentionne le cha√Ænon manquant entre ces deux pseudosciences : les travaux du statisticien eug√©niste Karl Pearson. https://t.co/Vy4LED7E3M",faciale
"@bfmbusiness @Retourlibre ""l√©g√®re paralysie faciale"" üòÇüòÇüòÇüòÇ",faciale
Voir des gens masqu√©s tout le temps alors que l‚Äôexpression faciale fait partie du d√©veloppement d‚Äôun enfant √ßa doit laisser grave des s√©quelles aux b√©b√©s/enfants en bas √¢ge,faciale
"@xX_TroD4rk_Xx probl√®me de la CGI de mappa : mouvement pas r√©aliste , mauvaise incrustation , animation d√©sastreuse , aucune expression faciale , charadesign moyen compar√© au manga , et bruitage ignoble",faciale
"L'√©thique de l'IA, on en vend partout. Mais quelles valeurs sont port√©es par gouvernements et producteurs de technologies ? On en parle au w√©binaire #ecnEHESS le 28 janv. √† 19h avec @annajobin (ft @PaoloCirio). Inscriptionsüëâ https://t.co/376WcVeSNX en partenariat a/@gaitelyrique",faciale
Voir des gens masqu√©s tout le temps alors que l‚Äôexpression faciale fait partie du d√©veloppement d‚Äôun enfant √ßa doit laisser grave des s√©quelles aux b√©b√©s/enfants en bas √¢ge,faciale
"@SebBerthoumieu @Poulin2012 Mon petit avis me dit que la RFID est obsol√®te. Je pense que ce sont les: reconnaissance faciale, biom√©trie etc.... Qui ont le vent en poupe.",faciale
Le l√©gislateur am√©ricain cherche toujours √† interdire les logiciels de reconnaissance faciale https://t.co/TLP0tmh5p5,faciale
Voir des gens masqu√©s tout le temps alors que l‚Äôexpression faciale fait partie du d√©veloppement d‚Äôun enfant √ßa doit laisser grave des s√©quelles aux b√©b√©s/enfants en bas √¢ge,faciale
Le l√©gislateur am√©ricain cherche toujours √† interdire les logiciels de reconnaissance faciale https://t.co/TLP0tmh5p5,faciale
Le l√©gislateur am√©ricain cherche toujours √† interdire les logiciels de reconnaissance faciale https://t.co/TLP0tmh5p5,faciale
Le l√©gislateur am√©ricain cherche toujours √† interdire les logiciels de reconnaissance faciale https://t.co/TLP0tmh5p5,faciale
Le l√©gislateur am√©ricain cherche toujours √† interdire les logiciels de reconnaissance faciale https://t.co/TLP0tmh5p5,faciale
"retourne vers vous.

"" Bonjour... "" dites-vous, timidement.
"" Bonjour, Morgan. ""

Son expression faciale est plut√¥t neutre, pas une once d'agressivit√© ou d'agacement.
Il vous regarde dans les yeux, quelques micro-secondes, puis se tourne de nouveau vers son bureau.

"" Je vous ai",faciale
"@EricMassaud Une paralysie faciale afrigor√© est tr√®s traumatisante. √áa se soigne avec de la courtisane, si vous √™tes diab√©tique, il y a un gros probl√®me. Apr√®s il faut trouver un kin√© sp√©cialis√© dans le facial. Il y en a 2 √† Paris",faciale
"#empmo ""lu pour vous"" La reconnaissance faciale avec le port du masque ? C‚Äôest possible !
Depuis presqu‚Äôun an maintenant, nous avons pris l‚Äôhabitude de porter le masque. Des milliards d‚Äôhommes, de femmes et d‚Äôenfants portent ce masque dans le monde pour tenter de lutter contr",faciale
@CEOofCringe C‚Äôest l‚Äôexpression faciale qui compte,faciale
"@Pr_Logos Certains mod√®les sont difficilement supportables sur de longues p√©riodes. Type √©lastiques derri√®re les pavillons auriculaires. 
D'autres pr√©sente une largeur faciale trop importante ne permettant pas la couverture, l'isolement idoine.",faciale
"4h apr√®s, puis 24h apr√®s, on note bien en effet une l√©g√®re paralysie faciale... https://t.co/RJBagGTkFh",faciale
Aux racines eug√©nistes et coloniales de la reconnaissance faciale. https://t.co/l8EEMWigX8,faciale
"Expression faciale d√©tendue loin du vrai, proche du vraisemblable.
J'parle sans retenue, loin comme de pr√®s, j‚Äôparais infr√©quentable.",faciale
"L'√©thique de l'IA, on en vend partout. Mais quelles valeurs sont port√©es par gouvernements et producteurs de technologies ? On en parle au w√©binaire #ecnEHESS le 28 janv. √† 19h avec @annajobin (ft @PaoloCirio). Inscriptionsüëâ https://t.co/376WcVeSNX en partenariat a/@gaitelyrique",faciale
"@twittahanim81 Massage fach tkoun kat3mel ta cr√®me hydratante, et des exercices de gymnastique faciale...",faciale
@robyacm @momotchiii Il nous prenne la t√™te je suis pour le parti unique leur qrcode leur cam√©ra a reconnaissance faciale mais qu il me laisse me so√ªle la gueule dans un bar avec plein d autre connard comme moi ü§£ü§£ü§£ü•≥ü•≥ü•≥ü•≥ü•≥ü•≥ il r√™ve plut√¥t creuve il auront pas ma libert√©.,faciale
"#USA Gros rat√© de la #ReconnaissanceFaciale, un Afro-Am√©ricain arr√™t√© √† tort

C‚Äôest la 1√®re erreur document√©e pour cette technologie controvers√©e avec laquelle plsrs entreprises prennent leur distance, tandis qu'ici ce gvt fascisant l'installe en catimini

https://t.co/XDz2POs1QS",faciale
"4h apr√®s, puis 24h apr√®s, on note bien en effet une l√©g√®re paralysie faciale... https://t.co/RJBagGTkFh",faciale
"4h apr√®s, puis 24h apr√®s, on note bien en effet une l√©g√®re paralysie faciale... https://t.co/RJBagGTkFh",faciale
@AnonymeCitoyen Pistage √† la trace en attendant que le quadrillage de vid√©o surveillance avec reconnaissance faciale soit performant,faciale
"4h apr√®s, puis 24h apr√®s, on note bien en effet une l√©g√®re paralysie faciale... https://t.co/RJBagGTkFh",faciale
